City_ID,City,Cloudiness,Country,Current Description,Humidity,Lat,Lng,Max Temp,Rain (inches),Snow (inches),Wind Speed
0,port elizabeth,0,ZA,clear sky,77,-33.92,25.57,59.0,0.0,0,12.75
1,fairbanks,90,US,overcast clouds,72,64.84,-147.72,64.4,0.0,0,9.17
2,bonga,100,ET,moderate rain,91,7.28,36.23,58.48,2.26,0,2.37
3,yellowknife,20,CA,few clouds,52,62.46,-114.35,73.0,0.0,0,11.41
4,nelson bay,90,AU,overcast clouds,100,-32.72,152.15,51.01,0.0,0,5.82
5,ushuaia,75,AR,shower rain,95,-54.8,-68.3,32.0,0.0,0,6.93
6,busselton,66,AU,broken clouds,80,-33.65,115.33,51.01,0.0,0,4.85
7,truth or consequences,40,US,scattered clouds,22,33.13,-107.25,91.99,0.0,0,17.22
8,pevek,10,RU,clear sky,70,69.7,170.31,44.08,0.0,0,4.41
9,half moon bay,5,US,clear sky,53,37.46,-122.43,79.0,0.0,0,17.22
10,saint-pierre,75,RE,broken clouds,68,-21.34,55.48,66.2,0.0,0,13.87
11,englewood,75,US,broken clouds,11,39.65,-104.99,97.0,0.0,0,8.05
12,shiyan,100,CN,light rain,89,32.65,110.78,68.23,0.32,0,5.06
13,mayo,1,US,clear sky,55,38.89,-76.51,91.4,0.0,0,6.93
14,havre-saint-pierre,75,CA,broken clouds,77,50.23,-63.6,66.2,0.0,0,8.05
15,xining,0,CN,clear sky,78,36.62,101.77,48.83,0.0,0,2.28
16,port-gentil,40,GA,scattered clouds,88,-0.72,8.78,77.0,0.0,0,10.6
17,laguna,1,US,clear sky,26,38.42,-121.42,99.0,0.0,0,6.93
18,sao joao da barra,1,BR,clear sky,71,-21.64,-41.05,69.51,0.0,0,8.12
19,olyka,99,UA,overcast clouds,92,50.72,25.81,63.0,0.0,0,5.93
20,puerto ayora,96,EC,overcast clouds,92,-0.74,-90.35,71.01,0.0,0,4.0
21,hithadhoo,100,MV,light rain,68,-0.6,73.08,82.9,0.11,0,22.1
22,airai,63,TL,broken clouds,54,-8.93,125.41,58.48,0.0,0,2.77
23,adrar,26,MR,scattered clouds,19,20.5,-10.07,96.22,0.0,0,5.01
24,aklavik,90,CA,overcast clouds,81,68.22,-135.01,46.4,0.0,0,8.05
25,tura,100,IN,moderate rain,97,25.52,90.22,75.24,2.2,0,6.69
26,doka,100,SD,overcast clouds,81,13.52,35.77,74.46,0.0,0,13.85
27,kapaa,20,US,few clouds,74,22.08,-159.32,87.01,0.0,0,10.29
28,khoy,0,IR,clear sky,45,38.55,44.95,75.52,0.0,0,1.05
29,kutum,24,SD,few clouds,57,14.2,24.67,76.5,0.0,0,5.3
30,luanda,75,AO,broken clouds,94,-8.84,13.23,69.8,0.0,0,8.05
31,grindavik,75,IS,broken clouds,81,63.84,-22.43,50.0,0.0,0,18.34
32,liuzhou,100,CN,overcast clouds,88,24.31,109.39,79.52,0.0,0,8.88
33,jamestown,1,US,clear sky,61,42.1,-79.24,82.99,0.0,0,5.82
34,saldanha,0,ZA,clear sky,87,-33.01,17.94,50.0,0.0,0,3.36
35,locri,40,IT,scattered clouds,88,38.24,16.26,73.4,0.0,0,2.24
36,vila velha,75,BR,broken clouds,69,-20.33,-40.29,73.4,0.0,0,4.7
37,tuktoyaktuk,90,CA,shower rain,87,69.45,-133.04,42.8,0.0,0,12.75
38,yulara,90,AU,overcast clouds,55,-25.24,130.99,50.0,0.0,0,5.82
39,georgetown,20,MY,few clouds,100,5.41,100.34,77.0,0.0,0,4.85
40,mataura,0,NZ,clear sky,83,-46.19,168.86,39.0,0.0,0,3.0
41,port alfred,0,ZA,clear sky,73,-33.59,26.89,60.84,0.0,0,11.3
42,rikitea,27,PF,light rain,80,-23.12,-134.97,71.73,0.7,0,17.49
43,hambantota,84,LK,broken clouds,94,6.12,81.12,77.0,0.0,0,4.7
44,punta arenas,90,CL,overcast clouds,80,-53.15,-70.92,35.6,0.0,0,17.22
45,bandarbeyla,36,SO,scattered clouds,64,9.49,50.81,79.3,0.0,0,33.8
46,cape town,0,ZA,fog,93,-33.93,18.42,55.99,0.0,0,3.36
47,bluff,0,NZ,clear sky,83,-46.6,168.33,39.0,0.0,0,3.0
48,mackay,40,AU,scattered clouds,93,-21.15,149.2,61.0,0.0,0,5.82
49,moron,90,AR,fog,100,-34.65,-58.62,59.0,0.0,0,5.82
50,east london,0,ZA,clear sky,49,-33.02,27.91,63.99,0.0,0,10.18
51,vaini,75,TO,broken clouds,88,-21.2,-175.2,78.8,0.0,0,10.29
52,werda,0,BW,clear sky,39,-25.27,23.28,49.44,0.0,0,6.58
53,avarua,75,CK,broken clouds,69,-21.21,-159.78,75.2,0.0,0,17.22
54,victoria,82,HK,light rain,79,22.29,114.16,84.0,0.11,0,5.99
55,padang,20,ID,few clouds,94,-0.95,100.35,75.2,0.0,0,2.24
56,geraldton,3,AU,clear sky,93,-28.77,114.6,46.4,0.0,0,5.82
57,lavrentiya,90,RU,overcast clouds,66,65.58,-171.0,50.68,0.0,0,7.4
58,la ronge,75,CA,broken clouds,72,55.1,-105.28,68.0,0.0,0,2.24
59,barrow,90,US,overcast clouds,69,71.29,-156.79,39.2,0.0,0,13.87
60,hilo,90,US,overcast clouds,74,19.73,-155.09,82.4,0.0,0,5.82
61,kodiak,90,US,overcast clouds,77,57.79,-152.41,59.0,0.0,0,6.93
62,inongo,38,CD,scattered clouds,75,-1.95,18.27,68.97,0.0,0,1.3
63,tarko-sale,92,RU,overcast clouds,94,64.92,77.78,54.0,0.0,0,15.9
64,ilhabela,15,BR,few clouds,86,-23.78,-45.36,68.65,0.0,0,7.52
65,basco,42,PH,scattered clouds,79,20.45,121.97,84.69,0.0,0,14.07
66,provideniya,87,RU,overcast clouds,69,64.38,-173.3,48.22,0.0,0,4.5
67,inirida,33,CO,light rain,91,3.87,-67.92,76.17,0.52,0,0.78
68,dikson,100,RU,overcast clouds,94,73.51,80.55,39.58,0.0,0,7.2
69,saint george,1,US,clear sky,11,37.1,-113.58,106.0,0.0,0,10.29
70,cockburn town,2,TC,clear sky,76,21.46,-71.14,83.57,0.0,0,17.27
71,vuktyl,0,RU,clear sky,93,63.86,57.31,56.08,0.0,0,5.17
72,aripuana,12,BR,few clouds,48,-9.17,-60.63,81.81,0.0,0,2.04
73,patnanungan,100,PH,moderate rain,81,14.78,122.18,82.13,3.25,0,12.53
74,butaritari,7,KI,light rain,76,3.07,172.79,83.07,0.72,0,14.14
75,narsaq,47,GL,scattered clouds,42,60.92,-46.05,64.4,0.0,0,5.82
76,humboldt,20,US,few clouds,63,40.67,-123.92,71.01,0.0,0,13.87
77,melilla,0,ES,clear sky,83,35.29,-2.94,75.2,0.0,0,2.24
78,cavalcante,0,BR,clear sky,54,-13.8,-47.46,66.34,0.0,0,6.15
79,karratha,60,AU,broken clouds,75,-20.74,116.85,65.14,0.0,0,8.97
80,bambous virieux,75,MU,light intensity shower rain,88,-20.34,57.76,66.99,0.0,0,6.93
81,dauriya,100,RU,moderate rain,94,49.93,116.87,58.14,1.53,0,10.67
82,caravelas,78,BR,light rain,81,-17.71,-39.25,70.05,0.19,0,7.54
83,sao filipe,36,CV,scattered clouds,74,14.9,-24.5,76.51,0.0,0,11.45
84,adre,48,TD,scattered clouds,65,13.47,22.2,75.96,0.0,0,8.16
85,phu ly,100,VN,overcast clouds,83,20.54,105.91,83.07,0.0,0,6.31
86,herat,0,AF,clear sky,18,34.5,62.0,78.46,0.0,0,25.23
87,luderitz,0,NA,clear sky,16,-26.65,15.16,69.8,0.0,0,11.41
88,mahebourg,75,MU,light intensity shower rain,88,-20.41,57.7,66.2,0.0,0,6.93
89,maine-soroa,26,NE,scattered clouds,48,13.21,12.02,83.7,0.0,0,4.52
90,husavik,75,IS,broken clouds,75,66.04,-17.34,42.8,0.0,0,16.11
91,arraial do cabo,0,BR,clear sky,76,-22.97,-42.03,70.77,0.0,0,18.05
92,dawson creek,40,CA,scattered clouds,43,55.77,-120.24,71.6,0.0,0,19.46
93,tabuk,89,PH,overcast clouds,85,17.42,121.44,76.53,0.0,0,3.65
94,ossora,85,RU,overcast clouds,66,59.24,163.07,58.86,0.0,0,1.03
95,kaitangata,1,NZ,clear sky,82,-46.28,169.85,37.99,0.0,0,4.0
96,dingle,94,PH,overcast clouds,84,11.0,122.67,79.27,0.0,0,3.42
97,samarai,93,PG,overcast clouds,85,-10.62,150.67,77.2,0.0,0,15.86
98,tiksi,100,RU,moderate rain,99,71.69,128.87,49.32,2.37,0,8.48
99,severo-kurilsk,65,RU,broken clouds,83,50.68,156.12,53.38,0.0,0,11.7
100,nishihara,40,JP,scattered clouds,83,26.18,127.76,84.2,0.0,0,11.41
101,ayan,100,RU,light rain,98,56.45,138.17,54.57,0.11,0,5.28
102,nikolskoye,100,RU,overcast clouds,67,59.7,30.79,59.0,0.0,0,6.71
103,hermanus,0,ZA,clear sky,94,-34.42,19.23,51.01,0.0,0,1.01
104,waipawa,87,NZ,overcast clouds,64,-41.41,175.52,57.0,0.0,0,3.0
105,matagami,90,CA,overcast clouds,47,49.75,-77.63,78.8,0.0,0,9.17
106,andenes,34,NO,scattered clouds,93,69.31,16.12,51.8,0.0,0,5.82
107,chokurdakh,0,RU,clear sky,45,70.63,147.92,55.76,0.0,0,13.27
108,pisco,5,PE,clear sky,72,-13.7,-76.22,64.4,0.0,0,13.87
109,santa ines,8,BR,clear sky,73,-3.67,-45.38,74.59,0.0,0,1.05
110,alofi,78,NU,broken clouds,65,-19.06,-169.92,80.6,0.0,0,11.41
111,atuona,46,PF,scattered clouds,79,-9.8,-139.03,79.27,0.0,0,14.56
112,santa cruz del norte,75,CU,broken clouds,94,23.15,-81.92,75.2,0.0,0,4.7
113,dickinson,75,US,broken clouds,62,29.46,-95.05,90.0,0.0,0,8.05
114,tongling,100,CN,light rain,90,30.95,117.78,79.21,0.39,0,4.63
115,ancud,20,CL,few clouds,93,-41.87,-73.82,51.01,0.0,0,12.75
116,yilan,75,TW,broken clouds,83,24.76,121.75,86.0,0.0,0,2.24
117,saint-philippe,75,RE,broken clouds,68,-21.36,55.77,66.2,0.0,0,13.87
118,pecos,1,US,clear sky,20,31.42,-103.49,102.2,0.0,0,14.99
119,kruisfontein,0,ZA,clear sky,79,-34.0,24.73,51.66,0.0,0,6.4
120,yarmouth,1,US,clear sky,65,41.71,-70.23,82.4,0.0,0,11.41
121,seoul,90,KR,mist,88,37.57,126.98,71.6,0.0,0,6.76
122,thompson,75,CA,broken clouds,43,55.74,-97.86,71.6,0.0,0,10.29
123,fatezh,0,RU,clear sky,90,52.09,35.86,56.44,0.0,0,3.58
124,ejea de los caballeros,0,ES,clear sky,53,42.13,-1.14,73.4,0.0,0,4.7
125,castro,6,BR,clear sky,90,-24.79,-50.01,59.18,0.0,0,4.45
126,tonj,100,SS,overcast clouds,95,7.27,28.68,70.43,0.0,0,3.71
127,haines junction,72,CA,light rain,44,60.75,-137.51,68.25,0.12,0,7.52
128,nanortalik,68,GL,broken clouds,75,60.14,-45.24,48.09,0.0,0,1.97
129,carnarvon,0,AU,clear sky,93,-24.87,113.63,48.2,0.0,0,9.17
130,poum,1,NC,clear sky,60,-20.23,164.02,71.55,0.0,0,12.35
131,coquimbo,75,CL,broken clouds,82,-29.95,-71.34,55.4,0.0,0,9.17
132,wigtown,23,GB,few clouds,66,54.87,-4.44,55.99,0.0,0,1.01
133,marsh harbour,97,BS,overcast clouds,80,26.54,-77.06,82.42,0.0,0,15.55
134,zemio,93,CF,light rain,96,5.03,25.14,68.07,0.58,0,2.71
135,te anau,0,NZ,clear sky,64,-45.42,167.72,42.22,0.0,0,0.98
136,tasiilaq,14,GL,few clouds,66,65.61,-37.64,48.2,0.0,0,5.82
137,port macquarie,41,AU,scattered clouds,96,-31.43,152.92,52.0,0.0,0,1.01
138,necochea,91,AR,overcast clouds,95,-38.55,-58.74,46.0,0.0,0,5.23
139,antsohihy,0,MG,clear sky,71,-14.88,47.99,63.55,0.0,0,7.54
140,ponta do sol,20,PT,few clouds,68,32.67,-17.1,71.6,0.0,0,4.7
141,shingu,88,JP,overcast clouds,69,33.73,135.98,77.79,0.0,0,1.86
142,biak,29,ID,scattered clouds,82,-0.91,122.88,76.93,0.0,0,6.89
143,klaksvik,60,FO,broken clouds,100,62.23,-6.59,48.2,0.0,0,12.75
144,phan thiet,86,VN,overcast clouds,85,10.93,108.1,77.05,0.0,0,4.34
145,merauke,99,ID,overcast clouds,80,-8.47,140.33,76.32,0.0,0,11.77
146,general pico,79,AR,broken clouds,85,-35.66,-63.76,55.92,0.0,0,4.09
147,new norfolk,56,AU,broken clouds,84,-42.78,147.06,46.0,0.0,0,3.0
148,taoudenni,4,ML,clear sky,14,22.68,-3.98,100.31,0.0,0,2.37
149,oborniki,3,PL,clear sky,77,52.65,16.81,69.01,0.0,0,5.82
150,saskylakh,25,RU,scattered clouds,66,71.92,114.08,48.42,0.0,0,10.8
151,srednekolymsk,0,RU,clear sky,56,67.45,153.68,59.56,0.0,0,6.44
152,katsina,86,NG,moderate rain,70,12.99,7.6,78.28,1.28,0,8.55
153,tshane,0,BW,clear sky,45,-24.02,21.87,48.11,0.0,0,6.42
154,mar del plata,100,AR,fog,100,-38.0,-57.56,52.0,0.0,0,5.79
155,coruripe,62,BR,light rain,82,-10.13,-36.18,74.12,0.16,0,11.99
156,cayenne,40,GF,scattered clouds,94,4.93,-52.33,78.8,0.0,0,3.36
157,miri,20,MY,few clouds,94,4.41,114.01,77.0,0.0,0,2.24
158,nhulunbuy,75,AU,broken clouds,93,-12.23,136.77,66.2,0.0,0,11.32
159,leningradskiy,79,RU,broken clouds,74,69.38,178.42,40.6,0.0,0,12.35
160,albany,32,US,scattered clouds,49,42.6,-73.97,89.01,0.0,0,4.7
161,namatanai,77,PG,broken clouds,73,-3.67,152.43,82.67,0.0,0,5.3
162,svirsk,61,RU,broken clouds,71,53.09,103.33,51.73,0.0,0,3.4
163,murmashi,88,RU,overcast clouds,93,68.82,32.81,53.6,0.0,0,6.71
164,maragogi,9,BR,clear sky,79,-9.01,-35.22,74.75,0.0,0,11.3
165,vrangel,0,RU,clear sky,81,42.73,133.08,67.35,0.0,0,0.96
166,batticaloa,100,LK,overcast clouds,71,7.71,81.69,81.59,0.0,0,2.86
167,norman wells,75,CA,broken clouds,56,65.28,-126.83,73.4,0.0,0,12.75
168,rocha,94,UY,overcast clouds,90,-34.48,-54.33,63.19,0.0,0,2.01
169,hobart,75,AU,broken clouds,76,-42.88,147.33,50.0,0.0,0,8.05
170,berbera,98,SO,overcast clouds,35,10.44,45.01,90.45,0.0,0,31.07
171,teeli,0,RU,clear sky,79,51.03,90.23,58.42,0.0,0,0.83
172,ilulissat,100,GL,overcast clouds,35,69.22,-51.1,55.4,0.0,0,3.36
173,bengkulu,73,ID,broken clouds,88,-3.8,102.27,74.5,0.0,0,3.58
174,san quintin,1,MX,clear sky,65,30.48,-115.95,74.91,0.0,0,17.63
175,gornyy,0,RU,clear sky,85,55.12,83.91,52.93,0.0,0,6.35
176,cabo san lucas,5,MX,clear sky,41,22.89,-109.91,91.4,0.0,0,5.82
177,iqaluit,90,CA,overcast clouds,93,63.75,-68.51,48.2,0.0,0,3.36
178,tuatapere,0,NZ,clear sky,83,-46.13,167.68,39.0,0.0,0,3.0
179,chuy,83,UY,broken clouds,91,-33.7,-53.46,64.9,0.0,0,6.44
180,mkuranga,37,TZ,scattered clouds,88,-7.12,39.21,68.41,0.0,0,6.11
181,avera,1,US,clear sky,41,33.19,-82.53,95.0,0.0,0,8.05
182,ahipara,100,NZ,overcast clouds,87,-35.17,173.17,60.82,0.0,0,12.57
183,bowen,40,AU,scattered clouds,93,-20.02,148.23,66.99,0.0,0,1.12
184,mecca,70,SA,broken clouds,16,21.43,39.83,87.57,0.0,0,4.16
185,sioux lookout,75,CA,broken clouds,48,50.1,-91.92,86.0,0.0,0,10.29
186,mount gambier,62,AU,moderate rain,93,-37.83,140.77,46.4,1.16,0,16.11
187,esperance,40,AU,scattered clouds,100,-33.87,121.9,46.4,0.0,0,5.82
188,vardo,99,NO,overcast clouds,92,70.37,31.11,50.63,0.0,0,2.33
189,talnakh,75,RU,broken clouds,93,69.49,88.4,50.0,0.0,0,4.47
190,faanui,94,PF,overcast clouds,84,-16.48,-151.75,75.31,0.0,0,18.7
191,bredasdorp,0,ZA,clear sky,93,-34.53,20.04,50.0,0.0,0,5.82
192,sisimiut,95,GL,overcast clouds,56,66.94,-53.67,55.26,0.0,0,1.41
193,olafsvik,34,IS,scattered clouds,82,64.89,-23.71,47.3,0.0,0,15.59
194,lar,100,IN,overcast clouds,70,26.2,83.97,86.86,0.0,0,4.83
195,axim,57,GH,broken clouds,92,4.87,-2.24,75.18,0.0,0,6.51
196,upernavik,0,GL,clear sky,54,72.79,-56.15,48.31,0.0,0,6.17
197,belfast,38,GB,scattered clouds,76,54.58,-5.93,53.6,0.0,0,5.82
198,torbay,40,CA,scattered clouds,48,47.67,-52.73,62.6,0.0,0,10.29
199,camacha,40,PT,scattered clouds,88,33.08,-16.33,69.8,0.0,0,16.11
200,foumban,100,CM,light rain,100,5.73,10.9,64.09,0.84,0,0.29
201,cidreira,0,BR,clear sky,86,-30.18,-50.21,65.48,0.0,0,9.78
202,ginda,39,IN,light rain,88,30.69,78.49,65.55,0.16,0,1.16
203,sal rei,20,CV,few clouds,78,16.18,-22.92,77.0,0.0,0,8.05
204,nikolsk,100,RU,light rain,96,53.72,46.07,58.17,0.72,0,6.11
205,harper,14,LR,few clouds,86,4.38,-7.72,75.83,0.0,0,7.05
206,cache creek,40,CA,scattered clouds,56,50.81,-121.32,72.0,0.0,0,3.36
207,korla,98,CN,overcast clouds,73,41.76,86.15,88.0,0.0,0,3.0
208,bethel,1,US,clear sky,42,41.37,-73.41,88.0,0.0,0,6.93
209,ribeira grande,6,PT,clear sky,81,38.52,-28.7,69.42,0.0,0,11.05
210,bagdarin,100,RU,overcast clouds,70,54.43,113.6,54.97,0.0,0,6.69
211,longyearbyen,75,SJ,shower rain,70,78.22,15.64,46.4,0.0,0,5.82
212,bongandanga,91,CD,overcast clouds,95,1.5,21.05,68.72,0.0,0,1.23
213,inhambane,15,MZ,few clouds,80,-23.86,35.38,64.24,0.0,0,2.53
214,garissa,81,KE,broken clouds,58,-0.45,39.64,75.4,0.0,0,22.7
215,bubaque,100,GW,moderate rain,89,11.28,-15.83,78.01,2.59,0,13.89
216,bastia,20,FR,few clouds,77,42.67,9.33,68.0,0.0,0,3.36
217,lebu,100,CL,light rain,89,-37.62,-73.65,52.79,0.6,0,16.22
218,sungaipenuh,64,ID,broken clouds,91,-2.08,101.38,62.82,0.0,0,3.33
219,salar,0,ES,clear sky,47,37.15,-4.02,80.6,0.0,0,1.12
220,hay river,40,CA,scattered clouds,44,60.82,-115.8,77.0,0.0,0,10.29
221,hami,50,CN,scattered clouds,17,42.8,93.45,79.48,0.0,0,5.03
222,kelowna,1,CA,clear sky,30,49.88,-119.49,84.0,0.0,0,6.93
223,fukue,100,JP,light rain,87,32.69,128.84,78.96,0.66,0,11.68
224,lompoc,4,US,clear sky,56,34.64,-120.46,72.0,0.0,0,12.75
225,walvis bay,0,NA,clear sky,13,-22.96,14.51,69.8,0.0,0,16.11
226,likasi,0,CD,clear sky,91,-10.98,26.73,44.58,0.0,0,5.73
227,constitucion,83,CL,light rain,84,-35.33,-72.42,55.53,0.69,0,13.71
228,nabire,33,ID,scattered clouds,79,-3.37,135.48,77.76,0.0,0,3.02
229,san francisco,75,US,broken clouds,60,37.77,-122.42,71.6,0.0,0,14.99
230,los llanos de aridane,32,ES,scattered clouds,88,28.66,-17.92,82.0,0.0,0,16.11
231,kysyl-syr,95,RU,overcast clouds,72,63.9,122.76,63.97,0.0,0,4.61
232,ponca city,1,US,clear sky,52,36.71,-97.09,93.2,0.0,0,12.75
233,letterkenny,89,IE,overcast clouds,91,54.95,-7.73,47.03,0.0,0,5.14
234,qaanaaq,89,GL,overcast clouds,68,77.48,-69.36,48.81,0.0,0,2.28
235,sorgun,0,TR,clear sky,80,39.81,35.19,61.47,0.0,0,5.46
236,nantucket,90,US,mist,94,41.28,-70.1,73.0,0.0,0,10.29
237,anadyr,40,RU,scattered clouds,66,64.75,177.48,51.8,0.0,0,20.13
238,katsuura,100,JP,moderate rain,96,35.13,140.3,73.99,1.19,0,3.0
239,puerto madero,20,MX,few clouds,62,14.72,-92.42,89.6,0.0,0,8.05
240,coihaique,90,CL,mist,89,-45.58,-72.07,32.0,0.0,0,3.36
241,houma,40,US,scattered clouds,62,29.6,-90.72,93.0,0.0,0,5.82
242,hildburghausen,36,DE,scattered clouds,72,50.43,10.73,64.99,0.0,0,2.55
243,flinders,98,AU,overcast clouds,86,-34.58,150.86,55.99,0.0,0,3.0
244,ostrovnoy,33,RU,scattered clouds,60,68.05,39.51,59.36,0.0,0,15.35
245,fortuna,20,US,few clouds,63,40.6,-124.16,71.01,0.0,0,13.87
246,paamiut,63,GL,broken clouds,82,61.99,-49.67,47.35,0.0,0,9.93
247,bratsk,90,RU,overcast clouds,93,56.13,101.61,48.2,0.0,0,4.47
248,komsomolets,58,KZ,broken clouds,86,53.75,62.07,68.77,0.0,0,8.32
249,danville,1,US,clear sky,59,36.59,-79.39,90.0,0.0,0,3.36
250,beringovskiy,99,RU,light rain,90,63.05,179.32,50.45,0.14,0,5.37
251,lorengau,84,PG,light rain,75,-2.02,147.27,82.04,0.37,0,4.25
252,kavieng,100,PG,light rain,74,-2.57,150.8,82.98,0.13,0,7.14
253,oron,100,NG,moderate rain,92,4.83,8.23,75.16,3.73,0,1.48
254,frei paulo,40,BR,scattered clouds,65,-10.55,-37.53,78.8,0.0,0,9.17
255,port blair,57,IN,broken clouds,79,11.67,92.75,80.83,0.0,0,6.33
256,kahului,40,US,scattered clouds,49,20.89,-156.47,91.4,0.0,0,21.92
257,lakhna,96,IN,moderate rain,72,26.65,79.15,86.18,2.12,0,4.23
258,mandalgovi,28,MN,scattered clouds,50,45.76,106.27,60.4,0.0,0,0.29
259,marawi,18,PH,light rain,86,8.0,124.29,77.0,0.43,0,4.0
260,boende,61,CD,broken clouds,89,-0.22,20.87,71.04,0.0,0,2.26
261,laerdalsoyri,100,NO,overcast clouds,89,61.1,7.48,48.99,0.0,0,2.55
262,paragominas,38,BR,scattered clouds,63,-2.97,-47.48,75.69,0.0,0,4.38
263,lata,0,PT,clear sky,68,40.16,-8.33,73.99,0.0,0,1.01
264,calvinia,0,ZA,clear sky,43,-31.47,19.78,49.24,0.0,0,4.27
265,cairns,40,AU,scattered clouds,77,-16.92,145.77,62.6,0.0,0,10.29
266,hamadan,74,IR,broken clouds,33,34.8,48.51,72.27,0.0,0,4.36
267,mazatlan,75,MX,broken clouds,74,23.22,-106.42,86.0,0.0,0,11.41
268,kavaratti,97,IN,overcast clouds,76,10.57,72.64,82.76,0.0,0,20.24
269,roebourne,72,AU,broken clouds,74,-20.78,117.13,65.3,0.0,0,8.08
270,wagar,83,SD,broken clouds,50,16.15,36.2,87.15,0.0,0,18.39
271,wad madani,99,SD,overcast clouds,47,14.4,33.52,86.68,0.0,0,16.69
272,roma,1,US,clear sky,45,43.21,-75.46,86.0,0.0,0,11.41
273,byron bay,8,AU,clear sky,87,-28.65,153.62,59.0,0.0,0,6.93
274,lekoni,100,GA,light rain,64,-1.58,14.26,78.3,0.79,0,4.5
275,teya,11,RU,few clouds,78,60.38,92.63,47.25,0.0,0,2.93
276,dubrovka,0,RU,clear sky,88,53.69,33.51,54.93,0.0,0,5.53
277,kargil,0,IN,clear sky,59,34.57,76.1,54.45,0.0,0,7.09
278,hamilton,40,US,scattered clouds,52,39.18,-84.53,93.0,0.0,0,9.17
279,clyde river,75,CA,broken clouds,87,70.47,-68.59,42.8,0.0,0,13.87
280,stykkisholmur,69,IS,broken clouds,80,65.08,-22.73,47.08,0.0,0,8.99
281,hasaki,75,JP,light intensity shower rain,100,35.73,140.83,72.0,0.0,0,2.24
282,tuymazy,100,RU,light rain,95,54.61,53.71,62.76,0.35,0,8.14
283,praia,40,CV,scattered clouds,65,14.92,-23.51,78.8,0.0,0,12.75
284,banda aceh,80,ID,light rain,80,5.56,95.32,79.09,0.18,0,4.29
285,ahuimanu,40,US,scattered clouds,69,21.44,-157.84,89.6,0.0,0,13.87
286,santa rosa,99,PH,overcast clouds,76,14.31,121.11,82.0,0.0,0,4.0
287,tazovskiy,68,RU,broken clouds,76,67.47,78.7,48.65,0.0,0,12.84
288,manukan,93,PH,light rain,81,8.53,123.1,80.29,0.13,0,2.64
289,leibnitz,53,AT,broken clouds,96,46.78,15.54,57.0,0.0,0,2.86
290,fayaoue,0,NC,clear sky,62,-20.65,166.53,70.52,0.0,0,8.93
291,oros,99,BR,overcast clouds,47,-6.24,-38.91,81.61,0.0,0,5.86
292,aksay,0,RU,clear sky,82,47.26,39.87,64.99,0.0,0,11.18
293,vestmannaeyjar,1,IS,clear sky,76,63.44,-20.27,49.24,0.0,0,28.92
294,illapel,100,CL,overcast clouds,75,-31.63,-71.17,56.57,0.0,0,0.83
295,kimbe,27,PG,light rain,76,-5.55,150.14,81.68,0.15,0,1.41
296,big rapids,40,US,scattered clouds,58,43.7,-85.48,88.0,0.0,0,13.82
297,plettenberg bay,2,ZA,clear sky,79,-34.05,23.37,56.61,0.0,0,6.58
298,meulaboh,99,ID,overcast clouds,83,4.14,96.13,77.2,0.0,0,3.71
299,rio grande,77,BR,broken clouds,88,-32.03,-52.1,66.02,0.0,0,9.37
300,kolodenka,96,UA,overcast clouds,91,50.59,26.32,60.37,0.0,0,5.53
301,omboue,33,GA,scattered clouds,87,-1.57,9.26,71.87,0.0,0,6.29
302,santa rita do sapucai,71,BR,broken clouds,65,-22.25,-45.7,65.46,0.0,0,3.2
303,villablino,0,ES,clear sky,67,42.94,-6.32,69.01,0.0,0,1.01
304,santa cruz do capibaribe,31,BR,scattered clouds,91,-7.96,-36.2,64.96,0.0,0,7.78
305,gorontalo,11,ID,few clouds,88,0.54,123.06,75.15,0.0,0,1.9
306,cap malheureux,2,MU,clear sky,71,-19.98,57.61,66.99,0.0,0,1.01
307,oktyabrskiy,100,RU,light rain,95,54.48,53.47,62.83,0.42,0,9.42
308,souillac,75,MU,light intensity shower rain,88,-20.52,57.52,66.2,0.0,0,6.93
309,leshukonskoye,50,RU,scattered clouds,91,64.9,45.76,48.47,0.0,0,3.18
310,gat,0,IL,clear sky,68,31.61,34.76,77.0,0.0,0,2.15
311,sao gabriel da cachoeira,67,BR,broken clouds,86,-0.13,-67.09,76.82,0.0,0,0.67
312,araouane,75,ML,broken clouds,35,18.9,-3.53,93.72,0.0,0,21.36
313,zhigansk,12,RU,few clouds,83,66.77,123.37,60.64,0.0,0,12.1
314,cap-aux-meules,75,CA,broken clouds,88,47.38,-61.86,62.6,0.0,0,9.17
315,harindanga,40,IN,haze,94,22.04,88.32,84.2,0.0,0,10.29
316,makat,50,KZ,scattered clouds,46,47.65,53.35,82.62,0.0,0,19.82
317,kumluca,0,TR,clear sky,58,36.37,30.29,78.98,0.0,0,3.38
318,pendleton,1,US,clear sky,20,45.67,-118.79,87.8,0.0,0,9.17
319,gizo,64,SB,light rain,73,-8.1,156.84,83.01,0.98,0,7.83
320,khorixas,0,NA,clear sky,35,-20.37,14.97,56.21,0.0,0,11.05
321,son la,100,VN,overcast clouds,92,21.32,103.9,70.5,0.0,0,1.34
322,ishigaki,75,JP,broken clouds,94,24.34,124.16,84.2,0.0,0,10.29
323,aquin,82,HT,broken clouds,72,18.28,-73.4,83.01,0.0,0,3.67
324,codrington,8,AU,clear sky,84,-38.27,141.97,48.88,0.0,0,17.83
325,ambilobe,2,MG,clear sky,66,-13.2,49.05,61.3,0.0,0,4.09
326,emba,55,KZ,broken clouds,36,48.83,58.14,80.91,0.0,0,0.76
327,jackson,1,US,clear sky,27,42.42,-122.83,95.0,0.0,0,4.7
328,fort frances,20,CA,few clouds,58,48.6,-93.4,84.0,0.0,0,4.7
329,khash,0,IR,clear sky,25,28.22,61.22,74.03,0.0,0,4.61
330,cabedelo,40,BR,scattered clouds,88,-6.98,-34.83,73.4,0.0,0,5.82
331,sikasso,64,ML,light rain,93,10.92,-7.0,72.39,0.62,0,8.59
332,kalmunai,100,LK,light rain,75,7.42,81.82,81.25,0.15,0,2.51
333,sangar,92,RU,overcast clouds,85,63.92,127.47,62.74,0.0,0,4.14
334,arlit,26,NE,scattered clouds,28,18.74,7.39,92.86,0.0,0,12.46
335,waverley,0,ZA,clear sky,36,-25.7,28.26,48.2,0.0,0,5.82
336,wanning,83,CN,broken clouds,82,18.8,110.4,82.22,0.0,0,12.26
337,ola,5,RU,clear sky,52,59.58,151.28,61.0,0.0,0,6.69
338,praia da vitoria,75,PT,broken clouds,83,38.73,-27.07,69.8,0.0,0,10.58
339,mamou,100,GN,overcast clouds,95,10.5,-12.0,67.64,0.0,0,3.31
340,el viejo,40,NI,scattered clouds,49,12.66,-87.17,93.2,0.0,0,4.7
341,vilcun,75,CL,light intensity shower rain,100,-38.65,-72.23,50.0,0.0,0,6.93
342,magadan,53,RU,broken clouds,52,59.57,150.8,60.15,0.0,0,5.61
343,koulamoutou,72,GA,broken clouds,90,-1.13,12.47,72.36,0.0,0,1.25
344,cherskiy,0,RU,clear sky,56,68.75,161.3,65.53,0.0,0,5.41
345,sitka,90,US,light rain,93,57.05,-135.33,57.2,0.0,0,10.29
346,lobito,0,AO,clear sky,81,-12.35,13.55,68.77,0.0,0,3.87
347,knysna,5,ZA,clear sky,93,-34.04,23.05,50.0,0.0,0,5.82
348,faya,99,SA,overcast clouds,40,18.39,42.45,73.4,0.0,0,5.37
349,guanagazapa,75,GT,haze,66,14.23,-90.64,89.6,0.0,0,6.93
350,bilibino,30,RU,scattered clouds,57,68.05,166.44,65.97,0.0,0,5.61
351,carballo,0,ES,clear sky,77,43.21,-8.69,69.01,0.0,0,2.24
352,chingola,28,ZM,scattered clouds,84,-12.53,27.88,46.81,0.0,0,7.4
353,urumqi,99,CN,overcast clouds,25,43.8,87.6,87.8,0.0,0,8.95
354,les cayes,92,HT,overcast clouds,73,18.2,-73.75,82.63,0.0,0,6.69
355,kamina,0,CD,clear sky,67,-8.74,24.99,54.12,0.0,0,7.0
356,talara,12,PE,few clouds,86,-4.58,-81.27,62.17,0.0,0,17.29
357,linxia,0,CN,clear sky,65,35.6,103.21,52.84,0.0,0,3.71
358,panaba,77,MX,light rain,82,21.28,-88.27,82.8,0.79,0,7.02
359,sistranda,75,NO,broken clouds,71,63.73,8.83,57.2,0.0,0,2.24
360,atar,33,MR,scattered clouds,19,20.52,-13.05,98.85,0.0,0,11.05
361,toora-khem,0,RU,clear sky,77,52.47,96.11,47.03,0.0,0,0.54
362,north bend,1,US,clear sky,77,43.41,-124.22,79.0,0.0,0,28.86
363,am timan,73,TD,broken clouds,86,11.03,20.28,74.35,0.0,0,5.35
364,jaisalmer,1,IN,clear sky,53,26.91,70.92,90.57,0.0,0,16.28
365,mulanje,9,MW,clear sky,90,-16.03,35.5,56.98,0.0,0,6.15
366,porto novo,20,BJ,few clouds,94,6.5,2.6,75.2,0.0,0,9.17
367,ambanja,22,MG,few clouds,57,-13.68,48.45,66.09,0.0,0,5.23
368,namibe,0,AO,clear sky,71,-15.2,12.15,67.12,0.0,0,4.81
369,cururupu,4,BR,clear sky,91,-1.83,-44.87,73.83,0.0,0,2.21
370,basoko,100,CD,overcast clouds,89,1.24,23.62,71.92,0.0,0,2.19
371,virtsu,59,EE,broken clouds,93,58.57,23.51,60.01,0.0,0,2.24
372,zaysan,93,KZ,overcast clouds,35,47.47,84.87,74.37,0.0,0,6.38
373,isangel,20,VU,few clouds,64,-19.55,169.27,73.4,0.0,0,9.17
374,christchurch,97,NZ,mist,100,-43.53,172.63,52.0,0.0,0,5.82
375,tautira,20,PF,few clouds,65,-17.73,-149.15,80.6,0.0,0,12.75
376,prince rupert,100,CA,light rain,93,54.32,-130.32,59.0,0.0,0,2.24
377,poronaysk,97,RU,light rain,95,49.22,143.12,61.32,0.22,0,3.56
378,gwembe,0,ZM,clear sky,76,-16.5,27.61,47.95,0.0,0,2.57
379,chara,100,RU,moderate rain,86,56.91,118.26,52.54,2.63,0,5.68
380,pokaran,36,IN,scattered clouds,56,26.92,71.92,90.46,0.0,0,17.31
381,kununurra,12,AU,few clouds,25,-15.77,128.73,55.4,0.0,0,5.68
382,puerto cabello,80,VE,broken clouds,82,10.47,-68.01,81.18,0.0,0,10.92
383,lambarene,86,GA,overcast clouds,86,-0.7,10.24,72.55,0.0,0,3.89
384,el dorado,1,US,clear sky,52,33.21,-92.67,93.2,0.0,0,3.36
385,hofn,20,IS,few clouds,57,64.25,-15.21,50.0,0.0,0,19.46
386,franca,2,BR,clear sky,61,-20.54,-47.4,62.94,0.0,0,5.06
387,salair,0,RU,clear sky,84,54.23,85.8,49.46,0.0,0,4.27
388,daigo,75,JP,broken clouds,100,36.77,140.35,78.01,0.0,0,2.24
389,ucluelet,5,CA,clear sky,68,48.93,-125.55,69.8,0.0,0,10.29
390,tutoia,38,BR,scattered clouds,82,-2.76,-42.27,78.69,0.0,0,5.68
391,vila,0,PT,clear sky,57,42.03,-8.16,71.01,0.0,0,2.28
392,labuhan,9,ID,clear sky,84,-6.88,112.21,75.18,0.0,0,7.18
393,aykhal,90,RU,overcast clouds,93,66.0,111.5,53.6,0.0,0,2.24
394,baykit,2,RU,clear sky,73,61.67,96.37,48.83,0.0,0,3.58
395,barabai,60,ID,broken clouds,92,-2.58,115.38,73.18,0.0,0,0.89
396,quatre cocos,75,MU,light intensity shower rain,88,-20.21,57.76,66.99,0.0,0,6.93
397,mukdahan,68,TH,broken clouds,86,16.58,104.5,78.15,0.0,0,5.21
398,lagoa,21,PT,few clouds,79,39.05,-27.98,69.22,0.0,0,12.35
399,mayumba,18,GA,few clouds,92,-3.43,10.66,70.02,0.0,0,2.46
400,kudahuvadhoo,98,MV,light rain,76,2.67,72.89,83.79,0.68,0,17.83
401,maunabo,6,PR,light rain,86,18.01,-65.9,78.01,0.18,0,1.99
402,bedesa,100,ET,light rain,81,8.9,40.78,62.24,0.44,0,6.62
403,zig,1,US,clear sky,63,40.13,-92.77,91.4,0.0,0,12.75
404,bezhta,0,RU,clear sky,72,42.13,46.13,53.31,0.0,0,2.1
405,sanger,1,US,clear sky,26,36.71,-119.56,102.0,0.0,0,7.36
406,whitehorse,75,CA,broken clouds,63,60.72,-135.05,60.8,0.0,0,11.41
407,shatrovo,99,RU,light rain,93,56.52,64.63,65.25,0.27,0,4.85
408,bulgan,49,MN,scattered clouds,87,48.81,103.53,50.04,0.0,0,2.13
409,rundu,0,NA,clear sky,50,-17.93,19.77,55.4,0.0,0,4.7
410,juegang,100,CN,light rain,93,32.32,121.19,77.56,0.34,0,6.42
411,kloulklubed,75,PW,broken clouds,88,7.04,134.26,78.8,0.0,0,4.5
412,tual,61,ID,broken clouds,81,-5.67,132.75,78.48,0.0,0,17.27
413,normandin,75,CA,broken clouds,61,48.83,-72.53,77.0,0.0,0,3.36
414,huangmei,97,CN,light rain,91,30.19,116.03,79.34,0.71,0,4.88
415,novikovo,0,RU,clear sky,87,51.15,37.89,57.56,0.0,0,3.51
416,petropavlovsk-kamchatskiy,100,RU,overcast clouds,63,53.05,158.65,66.2,0.0,0,4.47
417,katangli,99,RU,overcast clouds,93,51.71,143.23,59.72,0.0,0,6.35
418,khor,41,RU,scattered clouds,82,47.89,134.95,75.81,0.0,0,3.13
419,ciudad bolivar,54,VE,light rain,69,8.12,-63.55,82.78,0.67,0,6.8
420,khatanga,99,RU,overcast clouds,74,71.97,102.5,48.52,0.0,0,4.52
421,bahadurganj,100,IN,light rain,79,26.27,87.82,82.87,0.18,0,5.23
422,santa marta,29,CO,scattered clouds,82,11.24,-74.2,82.09,0.0,0,13.87
423,kabwe,8,ZM,clear sky,93,-14.45,28.45,45.75,0.0,0,5.39
424,hovd,67,MN,light rain,53,48.01,91.64,65.19,0.19,0,1.72
425,goderich,90,CA,overcast clouds,63,43.75,-81.72,86.0,0.0,0,15.99
426,verkhoshizhemye,56,RU,broken clouds,94,58.01,49.1,57.36,0.0,0,4.12
427,margate,26,GB,scattered clouds,76,51.38,1.39,64.0,0.0,0,1.99
428,hervey bay,4,AU,clear sky,79,-25.3,152.85,57.0,0.0,0,5.99
429,birao,100,CF,light rain,93,10.28,22.79,72.39,0.18,0,5.37
430,coahuayana,75,MX,broken clouds,66,18.73,-103.68,84.2,0.0,0,11.41
431,shimoda,100,JP,light rain,96,34.67,138.95,68.0,0.13,0,1.99
432,valparaiso,90,CL,fog,100,-33.04,-71.63,53.6,0.0,0,10.29
433,bathsheba,40,BB,scattered clouds,78,13.22,-59.52,82.4,0.0,0,13.87
434,sikonge,62,TZ,broken clouds,45,-5.63,32.77,57.52,0.0,0,5.97
435,kandrian,81,PG,light rain,83,-6.22,149.55,80.49,0.22,0,4.27
436,jalu,0,LY,clear sky,48,29.03,21.55,79.03,0.0,0,11.18
437,alyangula,90,AU,overcast clouds,100,-13.85,136.42,57.2,0.0,0,8.41
438,suntar,31,RU,scattered clouds,80,62.14,117.63,58.1,0.0,0,5.03
439,kailua,40,US,scattered clouds,69,21.4,-157.74,89.6,0.0,0,13.87
440,boone,55,US,broken clouds,53,39.03,-92.33,93.0,0.0,0,10.85
441,damaturu,38,NG,scattered clouds,55,11.75,11.96,82.4,0.0,0,5.1
442,tanete,99,ID,overcast clouds,93,-3.94,119.78,74.55,0.0,0,4.41
443,robertsport,99,LR,light rain,87,6.75,-11.37,74.95,0.16,0,3.62
444,pavilosta,61,LV,broken clouds,93,56.89,21.19,57.2,0.0,0,5.17
445,mwense,0,ZM,clear sky,65,-10.38,28.7,53.82,0.0,0,6.64
446,dakar,75,SN,thunderstorm,83,14.69,-17.44,80.6,0.0,0,6.93
447,okhotsk,99,RU,overcast clouds,86,59.38,143.3,58.51,0.0,0,1.54
448,bassar,52,TG,broken clouds,100,9.25,0.78,68.31,0.0,0,3.49
449,talaya,28,RU,scattered clouds,51,61.38,152.75,58.08,0.0,0,11.74
450,kabarnet,77,KE,broken clouds,98,0.49,35.74,52.81,0.0,0,2.66
451,quartucciu,20,IT,few clouds,78,39.25,9.18,75.2,0.0,0,4.7
452,koslan,0,RU,clear sky,87,63.46,48.9,54.88,0.0,0,5.35
453,bonthe,99,SL,overcast clouds,85,7.53,-12.51,76.14,0.0,0,3.36
454,wageningen,90,NL,overcast clouds,82,51.97,5.67,66.99,0.0,0,3.36
455,salalah,75,OM,broken clouds,94,17.02,54.09,82.4,0.0,0,6.93
456,maymyo,100,MM,light rain,100,22.03,96.47,66.78,0.89,0,3.62
457,two rivers,18,US,few clouds,70,44.15,-87.57,82.99,0.0,0,5.01
458,volnovakha,0,UA,clear sky,100,47.6,37.5,68.0,0.0,0,10.0
459,huai yot,14,TH,few clouds,93,7.79,99.63,74.62,0.0,0,0.78
460,glen allen,1,US,clear sky,30,37.67,-77.51,96.8,0.0,0,5.82
461,remanso,19,BR,few clouds,54,-9.62,-42.08,77.14,0.0,0,16.02
462,polewali,96,ID,overcast clouds,83,-3.43,119.34,75.79,0.0,0,1.61
463,port lincoln,46,AU,scattered clouds,68,-34.73,135.87,54.68,0.0,0,20.33
464,dunedin,0,NZ,clear sky,79,-45.87,170.5,48.99,0.0,0,35.99
465,igarka,18,RU,few clouds,81,67.47,86.58,50.18,0.0,0,7.81
466,port hedland,75,AU,light intensity shower rain,77,-20.32,118.57,64.4,0.0,0,8.05
467,yaan,46,NG,light rain,88,7.38,8.57,72.95,0.2,0,4.56
468,bac lieu,1,VN,clear sky,79,9.29,105.72,80.1,0.0,0,2.39
469,oktyabrskoye,0,RU,clear sky,88,43.06,44.74,68.0,0.0,0,4.47
470,pechenga,96,RU,light rain,93,69.53,31.17,51.8,0.0,0,9.17
471,camalu,11,MX,few clouds,31,30.85,-116.07,84.99,0.0,0,8.01
472,pipar,57,IN,broken clouds,57,26.39,73.54,89.22,0.0,0,14.81
473,baragua,99,CU,moderate rain,76,21.7,-78.63,84.15,1.88,0,7.81
474,turukhansk,36,RU,scattered clouds,77,65.82,87.98,48.83,0.0,0,1.61
475,timra,59,SE,broken clouds,77,62.49,17.33,64.99,0.0,0,8.05
476,lusambo,68,CD,broken clouds,50,-4.97,23.45,68.14,0.0,0,0.83
477,cienfuegos,100,CU,light rain,94,22.15,-80.44,77.0,0.91,0,6.93
478,joshimath,81,IN,light rain,59,30.57,79.57,67.82,0.15,0,0.2
479,morant bay,40,JM,scattered clouds,74,17.88,-76.41,86.0,0.0,0,23.04
480,izhma,34,RU,scattered clouds,95,65.01,53.91,53.11,0.0,0,4.97
481,ilo,33,PE,scattered clouds,79,-17.64,-71.34,60.12,0.0,0,4.94
482,kolyvan,0,RU,clear sky,100,55.31,82.74,48.2,0.0,0,2.24
483,ercis,20,TR,few clouds,63,39.03,43.36,62.6,0.0,0,2.24
484,chumikan,92,RU,overcast clouds,94,54.72,135.31,53.73,0.0,0,8.97
485,port moresby,90,PG,overcast clouds,88,-9.44,147.18,77.0,0.0,0,5.82
486,akranes,75,IS,broken clouds,71,64.32,-22.07,50.0,0.0,0,19.46
487,jizan,40,SA,scattered clouds,63,17.33,42.67,91.4,0.0,0,3.36
488,honiara,90,SB,overcast clouds,83,-9.43,159.95,80.6,0.0,0,3.36
489,svetlaya,98,RU,overcast clouds,76,46.54,138.33,68.38,0.0,0,4.59
490,tateyama,75,JP,light intensity shower rain,100,34.98,139.87,73.99,0.0,0,5.82
491,santa isabel do rio negro,93,BR,light rain,95,-0.41,-65.02,76.12,0.51,0,1.14
492,gazojak,0,TM,clear sky,15,41.19,61.4,85.37,0.0,0,5.48
493,hondo,75,JP,broken clouds,88,32.45,130.2,78.8,0.0,0,9.17
494,tevaitoa,99,PF,overcast clouds,83,-16.78,-151.5,75.52,0.0,0,20.76
495,belmonte,75,BR,shower rain,82,-15.86,-38.88,68.0,0.0,0,6.93
496,sechura,9,PE,clear sky,70,-5.56,-80.82,67.17,0.0,0,18.19
497,sur,8,OM,clear sky,75,22.57,59.53,85.6,0.0,0,8.23
498,amboasary,75,MG,shower rain,93,-25.03,46.38,64.4,0.0,0,9.17
499,shamary,90,RU,overcast clouds,95,57.34,58.22,62.67,0.0,0,3.09
500,ormara,5,PK,clear sky,83,25.21,64.64,86.5,0.0,0,11.59
501,acajutla,20,SV,few clouds,44,13.59,-89.83,93.2,0.0,0,3.36
502,abu samrah,0,SY,clear sky,53,35.3,37.18,68.45,0.0,0,6.17
503,bardiyah,0,LY,clear sky,82,31.76,25.09,72.59,0.0,0,9.46
504,mitsamiouli,14,KM,few clouds,59,-11.38,43.28,75.69,0.0,0,11.18
505,yarkovo,31,RU,scattered clouds,91,57.4,67.08,67.26,0.0,0,3.44
506,ulladulla,91,AU,overcast clouds,66,-35.35,150.47,57.0,0.0,0,5.82
507,pangnirtung,42,CA,scattered clouds,58,66.15,-65.71,55.85,0.0,0,4.18
508,alto araguaia,0,BR,clear sky,45,-17.31,-53.22,69.12,0.0,0,4.81
509,brignoles,3,FR,clear sky,83,43.4,6.07,69.8,0.0,0,0.58
510,linden,83,GY,light rain,94,6.0,-58.3,76.51,0.38,0,3.71
511,mutis,42,CO,light rain,79,6.23,-77.4,81.57,0.21,0,5.44
512,macomb,1,US,clear sky,74,40.46,-90.67,91.0,0.0,0,13.87
513,vyshestebliyevskaya,40,RU,scattered clouds,73,45.2,37.02,71.6,0.0,0,15.66
514,soe,45,ID,scattered clouds,75,-9.86,124.28,63.0,0.0,0,4.54
515,uray,39,RU,scattered clouds,85,60.12,64.78,66.92,0.0,0,5.06
516,bitung,20,ID,few clouds,94,1.45,125.18,73.4,0.0,0,2.24
517,alamogordo,1,US,thunderstorm,16,32.9,-105.96,98.6,0.0,0,3.36
518,kuopio,36,FI,scattered clouds,64,62.89,27.68,68.0,0.0,0,6.93
519,komsomolskiy,62,UZ,broken clouds,41,40.43,71.72,77.0,0.0,0,6.93
520,krasnozerskoye,30,RU,scattered clouds,85,53.98,79.24,55.71,0.0,0,7.9
521,puerto carreno,40,CO,scattered clouds,69,6.19,-67.49,82.4,0.0,0,10.29
522,tartus,0,SY,clear sky,78,34.89,35.89,71.6,0.0,0,4.7
523,berberati,91,CF,light rain,98,4.26,15.79,69.12,0.64,0,2.17
524,birjand,0,IR,clear sky,28,32.87,59.22,68.0,0.0,0,14.36
525,lixourion,0,GR,clear sky,71,38.2,20.43,72.48,0.0,0,11.18
526,alice springs,0,AU,clear sky,36,-23.7,133.88,44.6,0.0,0,6.93
